train_loss,train_loss_aux,epoch_time,val_loss,acc_top1,acc_top5
4.18652868270874,3.020770788192749,0.1,2.9970877170562744,0.0,0.0
